https://theonlinesweetshop.com/product/voice-tablets/	Voice Tablets	£2.80 – £7.30
https://theonlinesweetshop.com/product/chocolate-mice/	Chocolate Mice	£2.80 – £6.80
https://theonlinesweetshop.com/product/dip-dab/	Dip Dab	£6.00 – £25.00
https://theonlinesweetshop.com/product/midget-gems/	Midget Gems	£3.30 – £10.00
https://theonlinesweetshop.com/product/giant-snowies/	Giant Snowies	£3.00 – £7.70
https://theonlinesweetshop.com/product/vimto-chewy-sweets/	Vimto Chewy Sweets	£8.20 – £19.20
https://theonlinesweetshop.com/product/chocolate-snowies/	Chocolate Snowies	£3.00 – £7.70
https://theonlinesweetshop.com/product/blackcurrant-liquorice/	Blackcurrant & Liquorice	£2.80 – £6.40
https://theonlinesweetshop.com/product/assorted-fruit-chews-sweets/	Assorted Fruit Chews Sweets	£3.00 – £8.80
https://theonlinesweetshop.com/product/rainbow-twists/	Rainbow Twists	£3.00 – £9.60
https://theonlinesweetshop.com/product/big-babol-bubble-gum/	Big Babol Bubble Gum	£4.80 – £8.80
https://theonlinesweetshop.com/product/treacle-toffees-dabs/	Treacle Toffees Dabs	£3.00 – £8.80
https://theonlinesweetshop.com/product/millions-bubblegum-party-sweets-jar/	Millions Bubblegum Party Sweets Jar	£6.80
https://theonlinesweetshop.com/product/fizz-wizz-strawberry-popping-candy/	Fizz Wizz Strawberry Popping Candy	£3.30 – £11.80
https://theonlinesweetshop.com/product/abc-letters/	ABC Letters	£3.30 – £11.00
https://theonlinesweetshop.com/product/strawberry-cable-bites/	Strawberry Cable Bites	£2.80 – £6.80
https://theonlinesweetshop.com/product/mini-assorted-pencils-sweets-jar/	Mini Assorted Pencils Sweets Jar	£5.30
https://theonlinesweetshop.com/product/fish-n-chips/	Fish n Chips	£2.80 – £6.80
https://theonlinesweetshop.com/product/millions-cola-party-sweets-bucket/	Millions Cola Party Sweets Bucket	£11.00
https://theonlinesweetshop.com/product/mint-toffee-party-sweets-bucket/	Mint Toffee Party Sweets Bucket	£9.60
https://theonlinesweetshop.com/product/millions-blackcurrant-buzz/	Millions Blackcurrant Buzz	£3.30 – £11.00
https://theonlinesweetshop.com/product/vimto-bonbons/	Vimto Bonbons	£3.30 – £10.00
https://theonlinesweetshop.com/product/glacier-fruits/	Glacier Fruits	£3.00 – £9.60
https://theonlinesweetshop.com/product/gator-chomp/	Gator Chomp	£8.20 – £15.80
https://theonlinesweetshop.com/product/vidal-mega-strawberry-zoom-lollipops/	Vidal: Mega Strawberry Zoom Lollipops	£3.30 – £11.00
https://theonlinesweetshop.com/product/skiffle-discs-cream/	Skiffle Discs Cream	£2.80 – £6.80
https://theonlinesweetshop.com/product/original-chocolate-nibbles/	Original Chocolate Nibbles	£2.80 – £7.30
https://theonlinesweetshop.com/product/bubblegum-balls/	Bubblegum Balls	£2.80 – £5.60
https://theonlinesweetshop.com/product/golf-balls-loose/	Golf Balls Loose	£3.80 – £11.00
https://theonlinesweetshop.com/product/chocolate-toffees-sweets-jar/	Chocolate Toffees Sweets Jar	£6.80
https://theonlinesweetshop.com/product/sour-blast/	Sour Blast	£8.20 – £15.80
https://theonlinesweetshop.com/product/yorkshire-mixture/	Yorkshire Mixture	£2.80 – £7.30
https://theonlinesweetshop.com/product/raspberry-roller/	Raspberry Roller	£2.80 – £10.00
https://theonlinesweetshop.com/product/swizzels-matlow-refreshers-strawberry-chew-bar/	Refreshers Strawberry Chew Bar	£3.00 – £10.00
https://theonlinesweetshop.com/product/swizzels-matlow-refreshers-original-chew-bar/	Swizzels Matlow: Refreshers Original Chew Bar	£3.00 – £10.00
https://theonlinesweetshop.com/product/mushrooms/	Mushrooms	£2.80 – £7.30
https://theonlinesweetshop.com/product/burger-gum/	Burger Gum	£3.00 – £10.00
https://theonlinesweetshop.com/product/kingsway-blackcurrant-bon-bons/	Kingsway: Blackcurrant Bon Bons	£2.80 – £6.80
https://theonlinesweetshop.com/product/coconut-mushrooms/	Coconut Mushrooms	£3.00 – £9.60
https://theonlinesweetshop.com/product/fruit-chews/	Fruit Chews	£3.00 – £7.70
https://theonlinesweetshop.com/product/milk-choc-coconut-macaroon-cluster/	Milk Choc & Coconut Macaroon Cluster	£3.80 – £12.40
https://theonlinesweetshop.com/product/swizzels-variety-mix/	Swizzels Variety Mix	£3.00 – £7.70
https://theonlinesweetshop.com/product/chococlate-limes/	Chococlate Limes	£2.80 – £6.40
https://theonlinesweetshop.com/product/lemon-sherbet/	Lemon Sherbet	£2.80 – £6.00
https://theonlinesweetshop.com/product/rhubarb-custard/	Rhubarb & Custard	£2.80 – £6.80
https://theonlinesweetshop.com/product/lemon-bon-bons/	Lemon Bon Bons	£2.80 – £7.30
https://theonlinesweetshop.com/product/fizz-wizz-cola-popping-candy/	Fizz Wizz Cola Popping Candy	£3.30 – £11.80
https://theonlinesweetshop.com/product/mini-assorted-pencils/	Mini Assorted Pencils	£2.80 – £6.80
https://theonlinesweetshop.com/product/bubblegum-nougat/	Bubblegum Nougat	£2.80 – £8.20
https://theonlinesweetshop.com/product/millions-strawberry/	Millions Strawberry	£3.30 – £11.00
https://theonlinesweetshop.com/product/millions-blackcurrant-buzz-sweets-jar/	Millions Blackcurrant Buzz Sweets Jar	£6.80
https://theonlinesweetshop.com/product/milk-chocolate-toffees-party-sweets-bucket/	Milk Chocolate Toffees Party Sweets Bucket	£9.60
https://theonlinesweetshop.com/product/bubblegum-mermaids/	Bubblegum Mermaids	£2.80 – £6.80
https://theonlinesweetshop.com/product/the-fudge-factory-chocolate-brownie-fudge/	The Fudge Factory Chocolate Brownie Fudge	£3.00 – £8.20
https://theonlinesweetshop.com/product/chocolate-fudge/	Chocolate Fudge	£3.00 – £8.80
https://theonlinesweetshop.com/product/candy-land-sherbet-fountain/	Candy land: Sherbet Fountain	£7.30 – £20.60
https://theonlinesweetshop.com/product/werthers-original/	Werther’s Original	£4.80 – £16.80
https://theonlinesweetshop.com/product/giant-fizzy-cola-bottles/	Giant Fizzy Cola Bottles	£3.00 – £9.60
https://theonlinesweetshop.com/product/milk-chocolate-toffees/	Milk Chocolate Toffees	£3.00 – £8.80
https://theonlinesweetshop.com/product/vimto-bonbons-sweets-jar/	Vimto Bonbons Sweets Jar	£8.80
https://theonlinesweetshop.com/product/soft-fruits/	Soft Fruits	£7.30 – £25.00
https://theonlinesweetshop.com/product/white-chocolate-snowies/	White Chocolate Snowies	£3.00 – £7.70
https://theonlinesweetshop.com/product/swizzels-matlow-swizzels-stinger-chew-bar/	Swizzels Matlow: Swizzels Stinger Chew Bar	£3.00 – £10.00
https://theonlinesweetshop.com/product/hubba-bubba-original/	Hubba Bubba Original	£6.80 – £12.40
https://theonlinesweetshop.com/product/millions-raspberry-sweets-jar/	Millions Raspberry Sweets Jar	£6.80
https://theonlinesweetshop.com/product/mint-toffee/	Mint Toffee	£3.00 – £8.80
https://theonlinesweetshop.com/product/fruit-pips/	Fruit Pips	£2.80 – £7.30
https://theonlinesweetshop.com/product/double-duo-dunker/	Double Duo Dunker	£7.70 – £14.60
https://theonlinesweetshop.com/product/mint-chocolate-eclairs-sweets-jar/	Mint Chocolate Eclairs Sweets Jar	£6.80
https://theonlinesweetshop.com/product/fruity-sherbets/	Fruity Sherbets	£2.80 – £6.40
https://theonlinesweetshop.com/product/cotton-bubble-gum-tutti-frutti/	Cotton Bubble Gum Tutti Frutti	£4.50 – £7.70
https://theonlinesweetshop.com/product/strawberry-bon-bons/	Strawberry Bon Bons	£2.80 – £7.30
https://theonlinesweetshop.com/product/barratt-wham-original/	Barratt: Wham Original	£3.00 – £9.60
https://theonlinesweetshop.com/product/white-chocolate-stars/	White Chocolate Stars	£3.00 – £7.70
https://theonlinesweetshop.com/product/vimto-vimto-lollies/	Vimto: Vimto Lollies	£3.80 – £13.40
https://theonlinesweetshop.com/product/strawberry-cable-bites-party-sweets-bucket/	Strawberry Cable Bites Party Sweets Bucket	£7.70
https://theonlinesweetshop.com/product/giant-dolphins/	Giant Dolphins	£2.80 – £6.80
https://theonlinesweetshop.com/product/fizzy-dracula-teeth/	Fizzy Dracula Teeth	£2.80 – £6.80
https://theonlinesweetshop.com/product/vidal-lottalollies-traffic-light-lollipops/	Vidal: Lottalollies Traffic Light Lollipops	£3.00 – £9.60
https://theonlinesweetshop.com/product/white-mice/	White Mice	£2.80 – £6.80
https://theonlinesweetshop.com/product/vanilla-fudge/	Vanilla Fudge	£3.00 – £8.80
https://theonlinesweetshop.com/product/zed-candy-fireball-jawbreaker/	Zed Candy: Fireball Jawbreaker	£4.50 – £11.00
https://theonlinesweetshop.com/product/tongue-painters/	Tongue Painters	£2.80 – £6.80
https://theonlinesweetshop.com/product/cola-belts/	Cola Belts	£2.80 – £7.70
https://theonlinesweetshop.com/product/mini-fizzers/	Mini Fizzers	£3.00 – £19.20
https://theonlinesweetshop.com/product/kingsway-blue-raspberry-bon-bons/	Kingsway: Blue Raspberry Bon Bons	£2.80 – £6.80
https://theonlinesweetshop.com/product/rainbow-dust/	Rainbow Dust	£2.80 – £4.80
https://theonlinesweetshop.com/product/american-hard-gums/	American Hard Gums	£2.80 – £6.80
https://theonlinesweetshop.com/product/tennis-balls-single/	Tennis Balls Single	£3.00 – £10.00
https://theonlinesweetshop.com/product/milk-chocolate-eclairs/	Milk Chocolate Eclairs	£3.00 – £8.80
https://theonlinesweetshop.com/product/rosy-apples/	Rosy Apples	£2.80 – £6.00
https://theonlinesweetshop.com/product/jammy-dodger-fudge/	Jammy Dodger Fudge	£3.00 – £8.20
https://theonlinesweetshop.com/product/strawberry-roller/	Strawberry Roller	£2.80 – £10.00
https://theonlinesweetshop.com/product/mint-chocolate-eclairs-party-sweets-bucket/	Mint Chocolate Eclairs Party Sweets Bucket	£9.60
https://theonlinesweetshop.com/product/brain-licker/	Brain Licker	£7.30 – £13.40
https://theonlinesweetshop.com/product/rain-blo-loose/	Rain-blo Loose	£3.80 – £11.00
https://theonlinesweetshop.com/product/strawberry-cable-bites-sweets-jar/	Strawberry Cable Bites Sweets Jar	£5.30
https://theonlinesweetshop.com/product/blue-raspberry-twisters/	Blue Raspberry Twisters	£3.30 – £11.00
https://theonlinesweetshop.com/product/nutty-split-fudge/	Nutty Split Fudge	£3.00 – £8.20
https://theonlinesweetshop.com/product/assorted-toffees-eclairs-party-sweets-bucket/	Assorted Toffees & Eclairs Party Sweets Bucket	£9.60
https://theonlinesweetshop.com/product/red-cherry-sticks/	Red Cherry Sticks	£3.00 – £9.30
https://theonlinesweetshop.com/product/vidal-mega-super-sour-zoom-lollipops/	Vidal: Mega Super Sour Zoom Lollipops	£3.30 – £11.00
https://theonlinesweetshop.com/product/rainbow-pencils/	Rainbow Pencils	£3.00 – £8.20
https://theonlinesweetshop.com/product/chewits-mix-sweets-jar/	Chewits Mix Sweets Jar	£10.00
https://theonlinesweetshop.com/product/vidal-mega-watermelon-zoom-lollipops/	Vidal: Mega Watermelon Zoom Lollipops	£3.30 – £11.00
https://theonlinesweetshop.com/product/everton-mints/	Everton Mints	£2.80 – £6.40
https://theonlinesweetshop.com/product/fruit-caramels-sweets-jar/	Fruit Caramels Sweets Jar	£5.30
https://theonlinesweetshop.com/product/ice-cream-dips/	Ice Cream Dips	£6.80 – £22.80
https://theonlinesweetshop.com/product/millions-raspberry-party-sweets-bucket/	Millions Raspberry Party Sweets Bucket	£11.00
https://theonlinesweetshop.com/product/tango-chewy-bon-bons/	Tango Chewy Bon Bons	£3.00 – £9.30
https://theonlinesweetshop.com/product/chocolate-crunch/	Chocolate Crunch	£3.80 – £11.80
https://theonlinesweetshop.com/product/banana-split-eclairs-sweets-jar/	Banana Split Eclairs Sweets Jar	£6.80
https://theonlinesweetshop.com/product/millions-apple-sweets-jar/	Millions Apple Sweets Jar	£6.80
https://theonlinesweetshop.com/product/liquorice-assortment/	Liquorice Assortment	£2.80 – £7.30
https://theonlinesweetshop.com/product/lickedy-lips/	Lickedy Lips	£6.00 – £11.00
https://theonlinesweetshop.com/product/spinning-tops/	Spinning Tops	£2.80 – £6.80
https://theonlinesweetshop.com/product/sour-bloxx/	Sour Bloxx	£3.80 – £11.00
https://theonlinesweetshop.com/product/freaky-fish/	Freaky Fish	£3.00 – £9.30
https://theonlinesweetshop.com/product/blackberry-and-raspberry-pips/	Blackberry and Raspberry Pips	£2.80 – £7.30
https://theonlinesweetshop.com/product/mini-assorted-pencils-party-sweets-bucket/	Mini Assorted Pencils Party Sweets Bucket	£7.70
https://theonlinesweetshop.com/product/blue-raspberry-bon-bons/	Blue Raspberry Bon Bons	£2.80 – £7.30
https://theonlinesweetshop.com/product/bearbuddies/	Bearbuddies	£2.80 – £6.00
https://theonlinesweetshop.com/product/millions-mix-fudge/	Millions Mix Fudge	£3.00 – £8.20
https://theonlinesweetshop.com/product/fizzy-rippa/	Fizzy Rippa	£3.00 – £10.00
https://theonlinesweetshop.com/product/fizzy-bubblegum/	Fizzy Bubblegum	£2.80 – £7.30
https://theonlinesweetshop.com/product/mint-humbugs/	Mint Humbugs	£2.80 – £6.40
https://theonlinesweetshop.com/product/apple-bon-bons/	Apple Bon Bons	£2.80 – £6.80
https://theonlinesweetshop.com/product/tubble-gum/	Tubble Gum	£8.20 – £15.80
https://theonlinesweetshop.com/product/rum-raisin-fudge/	Rum & Raisin Fudge	£3.00 – £8.80
https://theonlinesweetshop.com/product/twist-n-lick-ice-cream/	Twist ‘n’ Lick Ice Cream	£7.70 – £14.60
https://theonlinesweetshop.com/product/pink-hearts/	Pink Hearts	£3.00 – £7.70
https://theonlinesweetshop.com/product/roll-up-bubble-gum-tutti-fruiti/	Roll Up Bubble Gum – Tutti Fruiti	£6.40 – £13.40
https://theonlinesweetshop.com/product/liquorice-wands/	Liquorice Wands	£6.00 – £25.00
https://theonlinesweetshop.com/product/vimto-roller-licker/	Vimto Roller Licker	£7.30 – £16.80
https://theonlinesweetshop.com/product/bubblegum-balls-sweets-jar/	Bubblegum Balls Sweets Jar	£5.30
https://theonlinesweetshop.com/product/small-pear-drops/	Small Pear Drops	£2.80 – £6.00
https://theonlinesweetshop.com/product/chocolate-peppermint-creams/	Chocolate Peppermint Creams	£3.00 – £9.60
https://theonlinesweetshop.com/product/yellow-bellies/	Yellow Bellies	£2.80 – £6.80
https://theonlinesweetshop.com/product/lutti-roll-up-bubble-gum-tutti-fruiti/	Lutti: Roll Up Bubble Gum – Tutti Fruiti	£6.40 – £13.40
https://theonlinesweetshop.com/product/mini-gumball-machine/	Mini Gumball Machine	£7.70 – £14.60
https://theonlinesweetshop.com/product/zed-candy-tropical-jawbreaker/	Zed Candy: Tropical Jawbreaker	£4.50 – £11.00
https://theonlinesweetshop.com/product/swizzels-matlow-drumstick-lolly/	Swizzels Matlow: Drumstick Lolly	£3.00 – £7.70
https://theonlinesweetshop.com/product/fizz-wizz-cherry-popping-candy/	Fizz Wizz Cherry Popping Candy	£3.30 – £11.80
https://theonlinesweetshop.com/product/sherbet-tubs/	Sherbet Tubs	£2.80 – £10.00
https://theonlinesweetshop.com/product/pink-and-white-mini-heart-mallows/	Pink and White Mini Heart Mallows	£3.00 – £9.60
https://theonlinesweetshop.com/product/sour-cherries/	Sour Cherries	£3.00 – £8.80
https://theonlinesweetshop.com/product/dark-chocolate-toffee/	Dark Chocolate Toffee	£3.00 – £8.80
https://theonlinesweetshop.com/product/zed-candy-blue-razz-jawbreakers/	Zed Candy: Blue Razz Jawbreakers	£4.50 – £11.00
https://theonlinesweetshop.com/product/whistles/	Whistles	£3.30 – £13.40
https://theonlinesweetshop.com/product/rhubarb-custard-tubes-sweets-jar/	Rhubarb & Custard Tubes Sweets Jar	£5.30
https://theonlinesweetshop.com/product/candy-cans/	Candy Cans	£5.30 – £12.40
https://theonlinesweetshop.com/product/sherbet-fruits/	Sherbet Fruits	£2.80 – £6.40
https://theonlinesweetshop.com/product/bubblegum-bonbons/	Bubblegum Bonbons	£2.80 – £6.80
https://theonlinesweetshop.com/product/caramel-toffee-bon-bons/	Caramel Toffee Bon Bons	£2.80 – £6.80
https://theonlinesweetshop.com/product/millions-bubblegum-party/	Millions Bubblegum Party	£3.30 – £11.00
https://theonlinesweetshop.com/product/strawberry-and-cream-pips/	Strawberry and Cream Pips	£2.80 – £7.30
https://theonlinesweetshop.com/product/strong-mints/	Strong Mints	£2.80 – £7.30
https://theonlinesweetshop.com/product/chupa-chups-melody-pops/	Chupa Chups: Melody Pops	£4.50 – £16.80
https://theonlinesweetshop.com/product/jumbo-fizzy-bubblegum-bottles/	Jumbo Fizzy Bubblegum Bottles	£2.80 – £7.30
https://theonlinesweetshop.com/product/sweet-blue-eyes/	Sweet Blue Eyes	£2.80 – £7.30
https://theonlinesweetshop.com/product/vidal-lottalollies-strawberry-and-cream/	Vidal: Lottalollies Strawberry and Cream	£3.00 – £9.60
https://theonlinesweetshop.com/product/blue-raspberry-pips/	Blue Raspberry Pips	£2.80 – £7.30
https://theonlinesweetshop.com/product/assorted-toffees-eclairs-sweets-jar/	Assorted Toffees & Eclairs Sweets Jar	£6.80
https://theonlinesweetshop.com/product/zed-candy-strawberry-jawbreaker/	Zed Candy: Strawberry Jawbreaker	£4.50 – £11.00
https://theonlinesweetshop.com/product/strawberry-lances/	Strawberry Lances	£3.30 – £11.00
https://theonlinesweetshop.com/product/paradise-fruits/	Paradise Fruits	£2.80 – £6.40
https://theonlinesweetshop.com/product/bubbly/	Bubbly	£5.30 – £18.60
https://theonlinesweetshop.com/product/vidal-mega-cola-zoom-lollipops/	Vidal: Mega Cola Zoom Lollipops	£3.30 – £11.00
https://theonlinesweetshop.com/product/dark-chocolate-toffee-party-sweets-bucket/	Dark Chocolate Toffee Party Sweets Bucket	£9.60
https://theonlinesweetshop.com/product/milk-chocolate-peanut-cluster/	Milk Chocolate Peanut Cluster	£3.80 – £12.40
https://theonlinesweetshop.com/product/watermelon-bon-bons/	Watermelon Bon Bons	£2.80 – £6.80
https://theonlinesweetshop.com/product/vidal-mega-tongue-painter-zoom-lollipops/	Vidal: Mega Tongue Painter Zoom Lollipops	£3.30 – £11.00
https://theonlinesweetshop.com/product/mints-chews/	Mints Chews	£3.00 – £7.70
https://theonlinesweetshop.com/product/swizzels-matlow-double-lollies-original/	Swizzels Matlow: Double Lollies Original	£3.00 – £7.70
https://theonlinesweetshop.com/product/blue-raspberry-pencils/	Blue Raspberry Pencils	£3.00 – £7.70
https://theonlinesweetshop.com/product/giant-parma-violets/	Giant Parma Violets	£5.30 – £11.00
https://theonlinesweetshop.com/product/chewing-nuts/	Chewing Nuts	£3.80 – £12.40
https://theonlinesweetshop.com/product/swizzels-matlow-refreshers-sour-apple-chew-bar/	Swizzels Matlow: Refreshers Sour Apple Chew Bar	£3.00 – £10.00
https://theonlinesweetshop.com/product/gummi-pizza/	Gummi Pizza	£3.00 – £8.80
https://theonlinesweetshop.com/product/almond-nougat/	Almond Nougat	£3.00 – £9.30
https://theonlinesweetshop.com/product/rhubarb-and-custard-pips/	Rhubarb and Custard Pips	£2.80 – £7.30
https://theonlinesweetshop.com/product/assorted-fruit-chews-sweets-jar/	Assorted Fruit Chews Sweets Jar	£5.30
https://theonlinesweetshop.com/product/hubba-bubba-atomic-apple/	Hubba Bubba Atomic Apple	£6.80 – £12.40
https://theonlinesweetshop.com/product/vimto-bonbons-party-sweets-bucket/	Vimto Bonbons Party Sweets Bucket	£11.00
https://theonlinesweetshop.com/product/fizzy-bubblegum-bottles-zing/	Fizzy Bubblegum Bottles Zing	£3.30 – £10.00
https://theonlinesweetshop.com/product/swizzels-matlow-swizzels-variety-mix/	Swizzels Matlow: Swizzels Variety Mix	£3.00 – £7.70
https://theonlinesweetshop.com/product/sour-apples/	Sour Apples	£2.80 – £6.80
https://theonlinesweetshop.com/product/chocolate-flavour-peanuts/	Chocolate Flavour Peanuts	£2.80 – £7.30
https://theonlinesweetshop.com/product/vimto-double-spray/	Vimto Double Spray	£7.30 – £16.80
https://theonlinesweetshop.com/product/swizzels-matlow-drumstick-chew-bar/	Swizzels Matlow: Drumstick Chew Bar	£3.00 – £10.00
https://theonlinesweetshop.com/product/white-stars/	White Stars	£2.80 – £6.80
https://theonlinesweetshop.com/product/peanut-brittle/	Peanut Brittle	£3.00 – £7.70
https://theonlinesweetshop.com/product/the-fudge-factory-salted-caramel-fudge/	The Fudge Factory Salted Caramel Fudge	£3.00 – £8.20
https://theonlinesweetshop.com/product/stripes/	Stripes	£2.80 – £7.70
https://theonlinesweetshop.com/product/vidal-lottalollies-assorted-fruit-lollipops/	Vidal: Lottalollies Assorted Fruit Lollipops	£3.00 – £9.60
https://theonlinesweetshop.com/product/rainbow-strips/	Rainbow Strips	£4.20 – £11.80
https://theonlinesweetshop.com/product/giant-strawberry/	Giant Strawberry	£2.80 – £6.80
https://theonlinesweetshop.com/product/kingsway-apple-bon-bons/	Kingsway: Apple Bon Bons	£2.80 – £6.80
https://theonlinesweetshop.com/product/tubots-bubblegum-sweets-jar/	Tubots Bubblegum Sweets Jar	£5.30
https://theonlinesweetshop.com/product/jelly-beans/	Jelly Beans	£2.80 – £6.80
https://theonlinesweetshop.com/product/assorted-toffees-eclairs/	Assorted Toffees & Eclairs	£3.00 – £8.80
https://theonlinesweetshop.com/product/love-hearts-mini-rolls/	Love Hearts Mini Rolls	£2.80 – £20.60
https://theonlinesweetshop.com/product/millions-cola-sweets-jar/	Millions Cola Sweets Jar	£6.80
https://theonlinesweetshop.com/product/mini-jelly-babies/	Mini Jelly Babies	£2.80 – £6.00
https://theonlinesweetshop.com/product/bubblegum-balls-party-sweets-bucket/	Bubblegum Balls Party Sweets Bucket	£7.70
https://theonlinesweetshop.com/product/hubba-bubba-seriously-strawberry/	Hubba Bubba Seriously Strawberry	£6.80 – £12.40
https://theonlinesweetshop.com/product/paint-splash/	Paint Splash	£7.70 – £14.60
https://theonlinesweetshop.com/product/sour-strawberry-pencil-bites/	Sour Strawberry Pencil Bites	£2.80 – £6.80
https://theonlinesweetshop.com/product/liquorice-gums/	Liquorice Gums	£3.30 – £10.00
https://theonlinesweetshop.com/product/mint-chocolate-eclairs/	Mint Chocolate Eclairs	£3.00 – £8.80
https://theonlinesweetshop.com/product/milk-chocolate-raisins/	Milk Chocolate Raisins	£2.80 – £6.80
https://theonlinesweetshop.com/product/milk-raisins/	Milk Raisins	£3.00 – £8.80
https://theonlinesweetshop.com/product/bubblegum-bonbons-sweets-jar/	Bubblegum Bonbons Sweets Jar	£5.30
https://theonlinesweetshop.com/product/pear-drops/	Pear Drops	£2.80 – £7.30
https://theonlinesweetshop.com/product/throat-and-chest/	Throat and Chest	£2.80 – £6.00
https://theonlinesweetshop.com/product/double-dip/	Double Dip	£5.30 – £13.40
https://theonlinesweetshop.com/product/chocolate-beans/	Chocolate Beans	£3.00 – £8.80
https://theonlinesweetshop.com/product/grab-pop/	Grab Pop	£8.20 – £15.80
https://theonlinesweetshop.com/product/rainbow-pencil-bites/	Rainbow Pencil Bites	£2.80 – £6.80
https://theonlinesweetshop.com/product/pink-white-mice/	Pink & White Mice	£2.80 – £6.80
https://theonlinesweetshop.com/product/mintoes/	Mintoes	£2.80 – £6.40
https://theonlinesweetshop.com/product/sour-candy-shocks/	Sour Candy Shocks	£2.80 – £7.30
https://theonlinesweetshop.com/product/banoffee-duo-fudge/	Banoffee Duo Fudge	£3.00 – £8.80
https://theonlinesweetshop.com/product/kingsway-mallow-tube/	Kingsway Mallow Tube	£3.00 – £8.80
https://theonlinesweetshop.com/product/vanilla-fudge-party-sweets-bucket/	Vanilla Fudge Party Sweets Bucket	£7.70
https://theonlinesweetshop.com/product/mini-fizzy-strawberry-pencils/	Mini Fizzy Strawberry Pencils	£2.80 – £6.80
https://theonlinesweetshop.com/product/mini-foam-bananas/	Mini Foam Bananas	£3.00 – £8.80
https://theonlinesweetshop.com/product/chocolate-covered-cinder-toffee/	Chocolate Covered Cinder Toffee	£3.00 – £9.30
https://theonlinesweetshop.com/product/rhubard-and-custard-tubes/	Rhubard and Custard Tubes	£2.80 – £6.80
https://theonlinesweetshop.com/product/fruity-cable-bites/	Fruity Cable Bites	£2.80 – £6.00
https://theonlinesweetshop.com/product/meerkats/	Meerkats	£2.80 – £7.30
https://theonlinesweetshop.com/product/jelly-babies/	Jelly Babies	£2.80 – £6.80
https://theonlinesweetshop.com/product/chewits-sour-apple/	Chewits Sour Apple	£6.80 – £12.40
https://theonlinesweetshop.com/product/vimto-tongue-ticklers/	Vimto Tongue Ticklers	£6.80 – £12.40
https://theonlinesweetshop.com/product/dark-chocolate-toffee-sweets-jar/	Dark Chocolate Toffee Sweets Jar	£6.80
https://theonlinesweetshop.com/product/mint-toffee-sweets-jar/	Mint Toffee Sweets Jar	£6.80
https://theonlinesweetshop.com/product/friendship-rings/	Friendship Rings	£2.80 – £6.80
https://theonlinesweetshop.com/product/tools/	Tools	£2.80 – £6.80
https://theonlinesweetshop.com/product/chocolate-toffees/	Chocolate Toffees	£3.00 – £8.80
https://theonlinesweetshop.com/product/vanilla-fudge-sweets-jar/	Vanilla Fudge Sweets Jar	£5.30
https://theonlinesweetshop.com/product/zed-candy-monster-jawbreaker-on-a-stick/	Zed Candy: Monster Jawbreaker on a Stick	£6.00 – £11.00
https://theonlinesweetshop.com/product/zed-candy-sour-jawbreaker/	Zed Candy: Sour Jawbreaker	£4.50 – £11.00
https://theonlinesweetshop.com/product/refreshers-rolls/	Refreshers Rolls	£6.40 – £25.00
https://theonlinesweetshop.com/product/bubblegum-bonbons-party-sweets-bucket/	Bubblegum Bonbons Party Sweets Bucket	£7.70
https://theonlinesweetshop.com/product/tubots-bubblegum/	Tubots Bubblegum	£2.80 – £6.40
https://theonlinesweetshop.com/product/blue-raspberry-lances/	Blue Raspberry Lances	£3.30 – £11.00
https://theonlinesweetshop.com/product/giant-cola-bottles/	Giant Cola Bottles	£2.80 – £6.80
https://theonlinesweetshop.com/product/choc-stars/	Choc Stars	£2.80 – £6.80
https://theonlinesweetshop.com/product/gummy-doggie/	Gummy Doggie	£3.00 – £15.80
https://theonlinesweetshop.com/product/blackcurrant-bon-bons/	Blackcurrant Bon Bons	£2.80 – £6.80
https://theonlinesweetshop.com/product/water-melon-fizzy/	Water Melon Fizzy	£3.00 – £10.00
https://theonlinesweetshop.com/product/strawberry-belts/	Strawberry Belts	£4.20 – £11.80
https://theonlinesweetshop.com/product/milk-chocolate-eclairs-party-sweets-bucket/	Milk Chocolate Eclairs Party Sweets Bucket	£9.60
https://theonlinesweetshop.com/product/milk-choc-gold-coins/	Milk Choc Gold Coins	£3.30 – £13.40
https://theonlinesweetshop.com/product/refreshers-mini/	Refreshers Mini	£3.00 – £7.70
https://theonlinesweetshop.com/product/milk-chocolate-eclairs-sweets-jar/	Milk Chocolate Eclairs Sweets Jar	£6.80
https://theonlinesweetshop.com/product/pillow-gum/	Pillow Gum	£2.60 – £5.30
https://theonlinesweetshop.com/product/chocolate-flavour-brazils/	Chocolate Flavour Brazils	£3.30 – £10.00
https://theonlinesweetshop.com/product/sour-dummies/	Sour Dummies	£2.80 – £6.80
https://theonlinesweetshop.com/product/mega-ball-gum/	Mega Ball Gum	£3.00 – £9.30
https://theonlinesweetshop.com/product/strawberry-pencil-bites/	Strawberry Pencil Bites	£2.80 – £6.80
https://theonlinesweetshop.com/product/millions-strawberry-party-sweets-bucket/	Millions Strawberry Party Sweets Bucket	£11.00
https://theonlinesweetshop.com/product/lovehearts-lipstick/	Lovehearts Lipstick	£3.30 – £13.40
https://theonlinesweetshop.com/product/liquorice-sticks/	Liquorice Sticks	£6.00 – £25.00
https://theonlinesweetshop.com/product/tango-poppin-candy/	Tango Poppin’ Candy	£4.50 – £32.00
https://theonlinesweetshop.com/product/aniseed-balls/	Aniseed Balls	£3.00 – £7.70
https://theonlinesweetshop.com/product/cherry-bon-bons/	Cherry Bon Bons	£2.80 – £6.80
https://theonlinesweetshop.com/product/crazy-sour-zappers/	Crazy Sour Zappers	£4.50 – £11.00
https://theonlinesweetshop.com/product/black-jack/	Black Jack	£10.00 – £22.80
https://theonlinesweetshop.com/product/swizzles-mini-sweet-mix/	Swizzles Mini Sweet Mix	£3.00 – £7.70
https://theonlinesweetshop.com/product/sherbet-pips/	Sherbet Pips	£2.80 – £7.30
https://theonlinesweetshop.com/product/christmas-trees/	Christmas Trees	£2.80 – £6.00
https://theonlinesweetshop.com/product/gold-bears/	Gold Bears	£2.80 – £6.80
https://theonlinesweetshop.com/product/chocolate-toffees-party-sweets-bucket/	Chocolate Toffees Party Sweets Bucket	£9.60
https://theonlinesweetshop.com/product/dolly-mixtures/	Dolly Mixtures	£2.80 – £6.00
https://theonlinesweetshop.com/product/mini-burger/	Mini Burger	£3.30 – £9.60
https://theonlinesweetshop.com/product/banana-split-eclairs/	Banana Split Eclairs	£3.00 – £8.80
https://theonlinesweetshop.com/product/super-baby-bottle/	Super Baby Bottle	£7.70 – £14.60
https://theonlinesweetshop.com/product/burger/	Burger	£3.00 – £9.60
https://theonlinesweetshop.com/product/swizzels-matlow-fruity-pops/	Swizzels Matlow: Fruity Pops	£3.00 – £7.70
https://theonlinesweetshop.com/product/liquorice-whirls-poly/	Liquorice Whirls Poly	£2.80 – £7.30
https://theonlinesweetshop.com/product/flic-n-lic-candy/	Flic n Lic Candy	£6.80 – £14.60
https://theonlinesweetshop.com/product/rhubarb-custard-bon-bons/	Rhubarb & Custard Bon Bons	£2.80 – £6.80
https://theonlinesweetshop.com/product/sugared-almonds/	Sugared Almonds	£3.00 – £8.80
https://theonlinesweetshop.com/product/love-hearts-dips/	Love Hearts Dips	£5.60 – £14.60
https://theonlinesweetshop.com/product/sour-flush/	Sour Flush	£8.20 – £15.80
https://theonlinesweetshop.com/product/milk-chocolate-toffees-sweets-jar/	Milk Chocolate Toffees Sweets Jar	£6.80
https://theonlinesweetshop.com/product/candy-land-dib-dab/	Dip Dab	£6.00 – £25.00
https://theonlinesweetshop.com/product/gobstoppers/	Gobstoppers	£3.00 – £8.80
https://theonlinesweetshop.com/product/cola-cubes/	Cola Cubes	£2.80 – £7.30
https://theonlinesweetshop.com/product/liquorice-flavour-toffees/	Liquorice Flavour Toffees	£3.00 – £8.80
https://theonlinesweetshop.com/product/funny-face-light-pop/	Funny Face Light Pop	£7.70 – £14.60
https://theonlinesweetshop.com/product/large-fizzy-bubblegum-bottles/	Large Fizzy Bubblegum Bottles	£2.80 – £7.30
https://theonlinesweetshop.com/product/sweet-soaker/	Sweet Soaker	£7.70 – £14.60
https://theonlinesweetshop.com/product/blue-raspberry-rocketz/	Blue Raspberry Rocketz	£2.80 – £6.80
https://theonlinesweetshop.com/product/golf-balls/	Golf Balls	£3.80 – £11.00
https://theonlinesweetshop.com/product/strawberry-milkshakes/	Strawberry Milkshakes	£2.80 – £6.80
https://theonlinesweetshop.com/product/tubots-bubblegum-party-sweets-bucket/	Tubots Bubblegum Party Sweets Bucket	£7.70
https://theonlinesweetshop.com/product/millions-strawberry-sweets-jar/	Millions Strawberry Sweets Jar	£6.80
https://theonlinesweetshop.com/product/camels-balls-extra-sour/	Camels Balls Extra Sour	£3.00 – £10.00
https://theonlinesweetshop.com/product/liquorice-cream-rock/	Liquorice Cream Rock	£2.80 – £6.80
https://theonlinesweetshop.com/product/hearts/	Hearts	£2.80 – £6.80
https://theonlinesweetshop.com/product/rhubarb-custard-tubes-party-sweets-bucket/	Rhubarb & Custard Tubes Party Sweets Bucket	£7.70
https://theonlinesweetshop.com/product/skiffle-discs-chocolate/	Skiffle Discs Chocolate	£2.80 – £6.80
https://theonlinesweetshop.com/product/raspberry-belts/	Raspberry Belts	£2.80 – £7.70
https://theonlinesweetshop.com/product/sherbet-fountain/	Sherbet Fountain	£7.30 – £20.60
https://theonlinesweetshop.com/product/banana-split-eclairs-party-sweets-bucket/	Banana Split Eclairs Party Sweets Bucket	£9.60
https://theonlinesweetshop.com/product/sour-apple-cubes/	Sour Apple Cubes	£2.80 – £6.00
https://theonlinesweetshop.com/product/vidal-lottalollies-tongue-painter/	Vidal: Lottalollies Tongue Painter	£3.00 – £9.60
https://theonlinesweetshop.com/product/bloxx/	Bloxx	£3.80 – £11.00
https://theonlinesweetshop.com/product/fried-eggs/	Fried Eggs	£2.80 – £6.80
https://theonlinesweetshop.com/product/sarsaparilla/	Sarsaparilla	£2.80 – £6.00
https://theonlinesweetshop.com/product/caramel-sea-salt-fudge/	Caramel & Sea Salt Fudge	£3.00 – £8.80
https://theonlinesweetshop.com/product/flying-saucers/	Flying Saucers	£3.30 – £17.60
https://theonlinesweetshop.com/product/zed-candy-eye-poppers/	Zed Candy: Eye Poppers	£3.80 – £11.00
https://theonlinesweetshop.com/product/fish-and-chips/	Fish And Chips	£3.00 – £7.70
